unifiedDeliveryDriver;geoKey;capacity;peakCapacity;activationDateFrom;activationDateTo;products
Poste;MI;75600;75600;2026-10-05T00:00:00.000Z;2026-11-08T23:59:59.999Z;890,AR,RS
Poste;20001;2000;2000;2026-10-05T00:00:00.000Z;2026-11-08T23:59:59.999Z;
Poste;20002;2000;2000;2026-10-05T00:00:00.000Z;2026-11-08T23:59:59.999Z;
Poste;20003;2000;2000;2026-10-05T00:00:00.000Z;2026-11-08T23:59:59.999Z;
Poste;20004;2000;2000;2026-10-05T00:00:00.000Z;2026-11-08T23:59:59.999Z;
Poste;20005;2000;2000;2026-10-05T00:00:00.000Z;2026-11-08T23:59:59.999Z;
Poste;20006;2000;2000;2026-10-05T00:00:00.000Z;2026-11-08T23:59:59.999Z;
Poste;20007;2000;2000;2026-10-05T00:00:00.000Z;2026-11-08T23:59:59.999Z;
Poste;20008;2000;2000;2026-10-05T00:00:00.000Z;2026-11-08T23:59:59.999Z;
Poste;20009;2000;2000;2026-10-05T00:00:00.000Z;2026-11-08T23:59:59.999Z;
Poste;20010;2000;2000;2026-10-05T00:00:00.000Z;2026-11-08T23:59:59.999Z;
Poste;20011;2000;2000;2026-10-05T00:00:00.000Z;2026-11-08T23:59:59.999Z;
Poste;20012;2000;2000;2026-10-05T00:00:00.000Z;2026-11-08T23:59:59.999Z;
Poste;20013;2000;2000;2026-10-05T00:00:00.000Z;2026-11-08T23:59:59.999Z;
Poste;20014;2000;2000;2026-10-05T00:00:00.000Z;2026-11-08T23:59:59.999Z;
Poste;20015;2000;2000;2026-10-05T00:00:00.000Z;2026-11-08T23:59:59.999Z;
Poste;20016;2000;2000;2026-10-05T00:00:00.000Z;2026-11-08T23:59:59.999Z;
Poste;20017;2000;2000;2026-10-05T00:00:00.000Z;2026-11-08T23:59:59.999Z;
Poste;20018;2000;2000;2026-10-05T00:00:00.000Z;2026-11-08T23:59:59.999Z;
Poste;20019;2000;2000;2026-10-05T00:00:00.000Z;2026-11-08T23:59:59.999Z;
Poste;20020;2000;2000;2026-10-05T00:00:00.000Z;2026-11-08T23:59:59.999Z;
Poste;20021;2000;2000;2026-10-05T00:00:00.000Z;2026-11-08T23:59:59.999Z;
Poste;20022;2000;2000;2026-10-05T00:00:00.000Z;2026-11-08T23:59:59.999Z;
Poste;20023;2000;2000;2026-10-05T00:00:00.000Z;2026-11-08T23:59:59.999Z;
Poste;20024;2000;2000;2026-10-05T00:00:00.000Z;2026-11-08T23:59:59.999Z;
Poste;20025;2000;2000;2026-10-05T00:00:00.000Z;2026-11-08T23:59:59.999Z;
Poste;20026;2000;2000;2026-10-05T00:00:00.000Z;2026-11-08T23:59:59.999Z;
Poste;20027;2000;2000;2026-10-05T00:00:00.000Z;2026-11-08T23:59:59.999Z;
Poste;20028;2000;2000;2026-10-05T00:00:00.000Z;2026-11-08T23:59:59.999Z;
Poste;20029;2000;2000;2026-10-05T00:00:00.000Z;2026-11-08T23:59:59.999Z;
Poste;20030;2000;2000;2026-10-05T00:00:00.000Z;2026-11-08T23:59:59.999Z;
Poste;20031;2000;2000;2026-10-05T00:00:00.000Z;2026-11-08T23:59:59.999Z;
Poste;20032;2000;2000;2026-10-05T00:00:00.000Z;2026-11-08T23:59:59.999Z;
Poste;20033;2000;2000;2026-10-05T00:00:00.000Z;2026-11-08T23:59:59.999Z;
Poste;20034;2000;2000;2026-10-05T00:00:00.000Z;2026-11-08T23:59:59.999Z;
Poste;20035;2000;2000;2026-10-05T00:00:00.000Z;2026-11-08T23:59:59.999Z;
Poste;20036;2000;2000;2026-10-05T00:00:00.000Z;2026-11-08T23:59:59.999Z;
Poste;20037;2000;2000;2026-10-05T00:00:00.000Z;2026-11-08T23:59:59.999Z;
Poste;20038;2000;2000;2026-10-05T00:00:00.000Z;2026-11-08T23:59:59.999Z;
Poste;20039;2000;2000;2026-10-05T00:00:00.000Z;2026-11-08T23:59:59.999Z;
Poste;20040;2000;2000;2026-10-05T00:00:00.000Z;2026-11-08T23:59:59.999Z;
Poste;20041;2000;2000;2026-10-05T00:00:00.000Z;2026-11-08T23:59:59.999Z;
Poste;20042;2000;2000;2026-10-05T00:00:00.000Z;2026-11-08T23:59:59.999Z;
Poste;20043;2000;2000;2026-10-05T00:00:00.000Z;2026-11-08T23:59:59.999Z;
Poste;20044;2000;2000;2026-10-05T00:00:00.000Z;2026-11-08T23:59:59.999Z;
Poste;20045;2000;2000;2026-10-05T00:00:00.000Z;2026-11-08T23:59:59.999Z;
Poste;20046;2000;2000;2026-10-05T00:00:00.000Z;2026-11-08T23:59:59.999Z;
Poste;20047;2000;2000;2026-10-05T00:00:00.000Z;2026-11-08T23:59:59.999Z;
Poste;20048;2000;2000;2026-10-05T00:00:00.000Z;2026-11-08T23:59:59.999Z;
Poste;20049;2000;2000;2026-10-05T00:00:00.000Z;2026-11-08T23:59:59.999Z;
Poste;20050;2000;2000;2026-10-05T00:00:00.000Z;2026-11-08T23:59:59.999Z;
Poste;20051;2000;2000;2026-10-05T00:00:00.000Z;2026-11-08T23:59:59.999Z;
Poste;20052;2000;2000;2026-10-05T00:00:00.000Z;2026-11-08T23:59:59.999Z;
Poste;20053;2000;2000;2026-10-05T00:00:00.000Z;2026-11-08T23:59:59.999Z;
Poste;20054;2000;2000;2026-10-05T00:00:00.000Z;2026-11-08T23:59:59.999Z;
Poste;20055;2000;2000;2026-10-05T00:00:00.000Z;2026-11-08T23:59:59.999Z;
Poste;20056;2000;2000;2026-10-05T00:00:00.000Z;2026-11-08T23:59:59.999Z;
Poste;20057;2000;2000;2026-10-05T00:00:00.000Z;2026-11-08T23:59:59.999Z;
Poste;20058;2000;2000;2026-10-05T00:00:00.000Z;2026-11-08T23:59:59.999Z;
Poste;20059;2000;2000;2026-10-05T00:00:00.000Z;2026-11-08T23:59:59.999Z;
Poste;20060;2000;2000;2026-10-05T00:00:00.000Z;2026-11-08T23:59:59.999Z;
Poste;20061;2000;2000;2026-10-05T00:00:00.000Z;2026-11-08T23:59:59.999Z;
Poste;20062;2000;2000;2026-10-05T00:00:00.000Z;2026-11-08T23:59:59.999Z;
Poste;20063;2000;2000;2026-10-05T00:00:00.000Z;2026-11-08T23:59:59.999Z;
Poste;20064;2000;2000;2026-10-05T00:00:00.000Z;2026-11-08T23:59:59.999Z;
Poste;20065;2000;2000;2026-10-05T00:00:00.000Z;2026-11-08T23:59:59.999Z;
Poste;20066;2000;2000;2026-10-05T00:00:00.000Z;2026-11-08T23:59:59.999Z;
Poste;20067;2000;2000;2026-10-05T00:00:00.000Z;2026-11-08T23:59:59.999Z;
Poste;20068;2000;2000;2026-10-05T00:00:00.000Z;2026-11-08T23:59:59.999Z;
Poste;20069;2000;2000;2026-10-05T00:00:00.000Z;2026-11-08T23:59:59.999Z;
Poste;20070;2000;2000;2026-10-05T00:00:00.000Z;2026-11-08T23:59:59.999Z;
Poste;20071;2000;2000;2026-10-05T00:00:00.000Z;2026-11-08T23:59:59.999Z;
Poste;20072;2000;2000;2026-10-05T00:00:00.000Z;2026-11-08T23:59:59.999Z;
Poste;20073;2000;2000;2026-10-05T00:00:00.000Z;2026-11-08T23:59:59.999Z;
Poste;20074;2000;2000;2026-10-05T00:00:00.000Z;2026-11-08T23:59:59.999Z;
Poste;20075;2000;2000;2026-10-05T00:00:00.000Z;2026-11-08T23:59:59.999Z;
Poste;20076;2000;2000;2026-10-05T00:00:00.000Z;2026-11-08T23:59:59.999Z;
Poste;20077;2000;2000;2026-10-05T00:00:00.000Z;2026-11-08T23:59:59.999Z;
Poste;20078;2000;2000;2026-10-05T00:00:00.000Z;2026-11-08T23:59:59.999Z;
Poste;20079;2000;2000;2026-10-05T00:00:00.000Z;2026-11-08T23:59:59.999Z;
Poste;20080;2000;2000;2026-10-05T00:00:00.000Z;2026-11-08T23:59:59.999Z;
Poste;20081;2000;2000;2026-10-05T00:00:00.000Z;2026-11-08T23:59:59.999Z;
Poste;20082;2000;2000;2026-10-05T00:00:00.000Z;2026-11-08T23:59:59.999Z;
Poste;20083;2000;2000;2026-10-05T00:00:00.000Z;2026-11-08T23:59:59.999Z;
Poste;20084;2000;2000;2026-10-05T00:00:00.000Z;2026-11-08T23:59:59.999Z;
Poste;20085;2000;2000;2026-10-05T00:00:00.000Z;2026-11-08T23:59:59.999Z;
Poste;20086;2000;2000;2026-10-05T00:00:00.000Z;2026-11-08T23:59:59.999Z;
Poste;20087;2000;2000;2026-10-05T00:00:00.000Z;2026-11-08T23:59:59.999Z;
Poste;20088;2000;2000;2026-10-05T00:00:00.000Z;2026-11-08T23:59:59.999Z;
Poste;20089;2000;2000;2026-10-05T00:00:00.000Z;2026-11-08T23:59:59.999Z;
Poste;20090;2000;2000;2026-10-05T00:00:00.000Z;2026-11-08T23:59:59.999Z;
Poste;20091;2000;2000;2026-10-05T00:00:00.000Z;2026-11-08T23:59:59.999Z;
Poste;20092;2000;2000;2026-10-05T00:00:00.000Z;2026-11-08T23:59:59.999Z;
Poste;20093;2000;2000;2026-10-05T00:00:00.000Z;2026-11-08T23:59:59.999Z;
Poste;20094;2000;2000;2026-10-05T00:00:00.000Z;2026-11-08T23:59:59.999Z;
Poste;20095;2000;2000;2026-10-05T00:00:00.000Z;2026-11-08T23:59:59.999Z;
Poste;20096;2000;2000;2026-10-05T00:00:00.000Z;2026-11-08T23:59:59.999Z;
Poste;20097;2000;2000;2026-10-05T00:00:00.000Z;2026-11-08T23:59:59.999Z;
Poste;20098;2000;2000;2026-10-05T00:00:00.000Z;2026-11-08T23:59:59.999Z;
Poste;20099;2000;2000;2026-10-05T00:00:00.000Z;2026-11-08T23:59:59.999Z;
Poste;20121;4000;4000;2026-10-05T00:00:00.000Z;2026-11-08T23:59:59.999Z;
Poste;20122;4000;4000;2026-10-05T00:00:00.000Z;2026-11-08T23:59:59.999Z;
Poste;20123;4000;4000;2026-10-05T00:00:00.000Z;2026-11-08T23:59:59.999Z;
Poste;20124;4000;4000;2026-10-05T00:00:00.000Z;2026-11-08T23:59:59.999Z;
Poste;20125;4000;4000;2026-10-05T00:00:00.000Z;2026-11-08T23:59:59.999Z;
Poste;20126;4000;4000;2026-10-05T00:00:00.000Z;2026-11-08T23:59:59.999Z;
Poste;20127;4000;4000;2026-10-05T00:00:00.000Z;2026-11-08T23:59:59.999Z;
Poste;20128;4000;4000;2026-10-05T00:00:00.000Z;2026-11-08T23:59:59.999Z;
Poste;20129;4000;4000;2026-10-05T00:00:00.000Z;2026-11-08T23:59:59.999Z;
Poste;20131;4000;4000;2026-10-05T00:00:00.000Z;2026-11-08T23:59:59.999Z;
Poste;20132;4000;4000;2026-10-05T00:00:00.000Z;2026-11-08T23:59:59.999Z;
Poste;20133;4000;4000;2026-10-05T00:00:00.000Z;2026-11-08T23:59:59.999Z;
Poste;20134;4000;4000;2026-10-05T00:00:00.000Z;2026-11-08T23:59:59.999Z;
Poste;20135;4000;4000;2026-10-05T00:00:00.000Z;2026-11-08T23:59:59.999Z;
Poste;20136;4000;4000;2026-10-05T00:00:00.000Z;2026-11-08T23:59:59.999Z;
Poste;20137;4000;4000;2026-10-05T00:00:00.000Z;2026-11-08T23:59:59.999Z;
Poste;20138;4000;4000;2026-10-05T00:00:00.000Z;2026-11-08T23:59:59.999Z;
Poste;20139;4000;4000;2026-10-05T00:00:00.000Z;2026-11-08T23:59:59.999Z;
Poste;20141;4000;4000;2026-10-05T00:00:00.000Z;2026-11-08T23:59:59.999Z;
Poste;20142;4000;4000;2026-10-05T00:00:00.000Z;2026-11-08T23:59:59.999Z;
Poste;20143;4000;4000;2026-10-05T00:00:00.000Z;2026-11-08T23:59:59.999Z;
Poste;20144;4000;4000;2026-10-05T00:00:00.000Z;2026-11-08T23:59:59.999Z;
Poste;20145;4000;4000;2026-10-05T00:00:00.000Z;2026-11-08T23:59:59.999Z;
Poste;20146;4000;4000;2026-10-05T00:00:00.000Z;2026-11-08T23:59:59.999Z;
Poste;20147;4000;4000;2026-10-05T00:00:00.000Z;2026-11-08T23:59:59.999Z;
Poste;20148;4000;4000;2026-10-05T00:00:00.000Z;2026-11-08T23:59:59.999Z;
Poste;20149;4000;4000;2026-10-05T00:00:00.000Z;2026-11-08T23:59:59.999Z;
Poste;20151;4000;4000;2026-10-05T00:00:00.000Z;2026-11-08T23:59:59.999Z;
Poste;20152;4000;4000;2026-10-05T00:00:00.000Z;2026-11-08T23:59:59.999Z;
Poste;20153;4000;4000;2026-10-05T00:00:00.000Z;2026-11-08T23:59:59.999Z;
Poste;20154;4000;4000;2026-10-05T00:00:00.000Z;2026-11-08T23:59:59.999Z;
Poste;20155;4000;4000;2026-10-05T00:00:00.000Z;2026-11-08T23:59:59.999Z;
Poste;20156;4000;4000;2026-10-05T00:00:00.000Z;2026-11-08T23:59:59.999Z;
Poste;20157;4000;4000;2026-10-05T00:00:00.000Z;2026-11-08T23:59:59.999Z;
Poste;20158;4000;4000;2026-10-05T00:00:00.000Z;2026-11-08T23:59:59.999Z;
Poste;20159;4000;4000;2026-10-05T00:00:00.000Z;2026-11-08T23:59:59.999Z;
Poste;20161;4000;4000;2026-10-05T00:00:00.000Z;2026-11-08T23:59:59.999Z;
Poste;20162;4000;4000;2026-10-05T00:00:00.000Z;2026-11-08T23:59:59.999Z;
Poste;MB;15600;15600;2026-10-05T00:00:00.000Z;2026-11-08T23:59:59.999Z;890,AR,RS
Poste;20811;2000;2000;2026-10-05T00:00:00.000Z;2026-11-08T23:59:59.999Z;
Poste;20812;2000;2000;2026-10-05T00:00:00.000Z;2026-11-08T23:59:59.999Z;
Poste;20813;2000;2000;2026-10-05T00:00:00.000Z;2026-11-08T23:59:59.999Z;
Poste;20814;2000;2000;2026-10-05T00:00:00.000Z;2026-11-08T23:59:59.999Z;
Poste;20815;2000;2000;2026-10-05T00:00:00.000Z;2026-11-08T23:59:59.999Z;
Poste;20816;2000;2000;2026-10-05T00:00:00.000Z;2026-11-08T23:59:59.999Z;
Poste;20821;2000;2000;2026-10-05T00:00:00.000Z;2026-11-08T23:59:59.999Z;
Poste;20822;2000;2000;2026-10-05T00:00:00.000Z;2026-11-08T23:59:59.999Z;
Poste;20823;2000;2000;2026-10-05T00:00:00.000Z;2026-11-08T23:59:59.999Z;
Poste;20824;2000;2000;2026-10-05T00:00:00.000Z;2026-11-08T23:59:59.999Z;
Poste;20825;2000;2000;2026-10-05T00:00:00.000Z;2026-11-08T23:59:59.999Z;
Poste;20826;2000;2000;2026-10-05T00:00:00.000Z;2026-11-08T23:59:59.999Z;
Poste;20831;2000;2000;2026-10-05T00:00:00.000Z;2026-11-08T23:59:59.999Z;
Poste;20832;2000;2000;2026-10-05T00:00:00.000Z;2026-11-08T23:59:59.999Z;
Poste;20833;2000;2000;2026-10-05T00:00:00.000Z;2026-11-08T23:59:59.999Z;
Poste;20834;2000;2000;2026-10-05T00:00:00.000Z;2026-11-08T23:59:59.999Z;
Poste;20835;2000;2000;2026-10-05T00:00:00.000Z;2026-11-08T23:59:59.999Z;
Poste;20836;2000;2000;2026-10-05T00:00:00.000Z;2026-11-08T23:59:59.999Z;
Poste;20837;2000;2000;2026-10-05T00:00:00.000Z;2026-11-08T23:59:59.999Z;
Poste;20838;2000;2000;2026-10-05T00:00:00.000Z;2026-11-08T23:59:59.999Z;
Poste;20841;2000;2000;2026-10-05T00:00:00.000Z;2026-11-08T23:59:59.999Z;
Poste;20842;2000;2000;2026-10-05T00:00:00.000Z;2026-11-08T23:59:59.999Z;
Poste;20843;2000;2000;2026-10-05T00:00:00.000Z;2026-11-08T23:59:59.999Z;
Poste;20844;2000;2000;2026-10-05T00:00:00.000Z;2026-11-08T23:59:59.999Z;
Poste;20845;2000;2000;2026-10-05T00:00:00.000Z;2026-11-08T23:59:59.999Z;
Poste;20846;2000;2000;2026-10-05T00:00:00.000Z;2026-11-08T23:59:59.999Z;
Poste;20847;2000;2000;2026-10-05T00:00:00.000Z;2026-11-08T23:59:59.999Z;
Poste;20851;2000;2000;2026-10-05T00:00:00.000Z;2026-11-08T23:59:59.999Z;
Poste;20852;2000;2000;2026-10-05T00:00:00.000Z;2026-11-08T23:59:59.999Z;
Poste;20853;2000;2000;2026-10-05T00:00:00.000Z;2026-11-08T23:59:59.999Z;
Poste;20854;2000;2000;2026-10-05T00:00:00.000Z;2026-11-08T23:59:59.999Z;
Poste;20855;2000;2000;2026-10-05T00:00:00.000Z;2026-11-08T23:59:59.999Z;
Poste;20856;2000;2000;2026-10-05T00:00:00.000Z;2026-11-08T23:59:59.999Z;
Poste;20857;2000;2000;2026-10-05T00:00:00.000Z;2026-11-08T23:59:59.999Z;
Poste;20861;2000;2000;2026-10-05T00:00:00.000Z;2026-11-08T23:59:59.999Z;
Poste;20862;2000;2000;2026-10-05T00:00:00.000Z;2026-11-08T23:59:59.999Z;
Poste;20863;2000;2000;2026-10-05T00:00:00.000Z;2026-11-08T23:59:59.999Z;
Poste;20864;2000;2000;2026-10-05T00:00:00.000Z;2026-11-08T23:59:59.999Z;
Poste;20865;2000;2000;2026-10-05T00:00:00.000Z;2026-11-08T23:59:59.999Z;
Poste;20866;2000;2000;2026-10-05T00:00:00.000Z;2026-11-08T23:59:59.999Z;
Poste;20867;2000;2000;2026-10-05T00:00:00.000Z;2026-11-08T23:59:59.999Z;
Poste;20871;2000;2000;2026-10-05T00:00:00.000Z;2026-11-08T23:59:59.999Z;
Poste;20872;2000;2000;2026-10-05T00:00:00.000Z;2026-11-08T23:59:59.999Z;
Poste;20873;2000;2000;2026-10-05T00:00:00.000Z;2026-11-08T23:59:59.999Z;
Poste;20874;2000;2000;2026-10-05T00:00:00.000Z;2026-11-08T23:59:59.999Z;
Poste;20875;2000;2000;2026-10-05T00:00:00.000Z;2026-11-08T23:59:59.999Z;
Poste;20876;2000;2000;2026-10-05T00:00:00.000Z;2026-11-08T23:59:59.999Z;
Poste;20877;2000;2000;2026-10-05T00:00:00.000Z;2026-11-08T23:59:59.999Z;
Poste;20881;2000;2000;2026-10-05T00:00:00.000Z;2026-11-08T23:59:59.999Z;
Poste;20882;2000;2000;2026-10-05T00:00:00.000Z;2026-11-08T23:59:59.999Z;
Poste;20883;2000;2000;2026-10-05T00:00:00.000Z;2026-11-08T23:59:59.999Z;
Poste;20884;2000;2000;2026-10-05T00:00:00.000Z;2026-11-08T23:59:59.999Z;
Poste;20885;2000;2000;2026-10-05T00:00:00.000Z;2026-11-08T23:59:59.999Z;
Poste;20886;2000;2000;2026-10-05T00:00:00.000Z;2026-11-08T23:59:59.999Z;
Poste;20900;3000;3000;2026-10-05T00:00:00.000Z;2026-11-08T23:59:59.999Z;
Poste;VA;13650;13650;2026-10-05T00:00:00.000Z;2026-11-08T23:59:59.999Z;890,AR,RS
Poste;21009;2000;2000;2026-10-05T00:00:00.000Z;2026-11-08T23:59:59.999Z;
Poste;21010;2000;2000;2026-10-05T00:00:00.000Z;2026-11-08T23:59:59.999Z;
Poste;21011;2000;2000;2026-10-05T00:00:00.000Z;2026-11-08T23:59:59.999Z;
Poste;21012;2000;2000;2026-10-05T00:00:00.000Z;2026-11-08T23:59:59.999Z;
Poste;21013;2000;2000;2026-10-05T00:00:00.000Z;2026-11-08T23:59:59.999Z;
Poste;21014;2000;2000;2026-10-05T00:00:00.000Z;2026-11-08T23:59:59.999Z;
Poste;21015;2000;2000;2026-10-05T00:00:00.000Z;2026-11-08T23:59:59.999Z;
Poste;21016;2000;2000;2026-10-05T00:00:00.000Z;2026-11-08T23:59:59.999Z;
Poste;21017;2000;2000;2026-10-05T00:00:00.000Z;2026-11-08T23:59:59.999Z;
Poste;21018;2000;2000;2026-10-05T00:00:00.000Z;2026-11-08T23:59:59.999Z;
Poste;21019;2000;2000;2026-10-05T00:00:00.000Z;2026-11-08T23:59:59.999Z;
Poste;21020;2000;2000;2026-10-05T00:00:00.000Z;2026-11-08T23:59:59.999Z;
Poste;21021;2000;2000;2026-10-05T00:00:00.000Z;2026-11-08T23:59:59.999Z;
Poste;21022;2000;2000;2026-10-05T00:00:00.000Z;2026-11-08T23:59:59.999Z;
Poste;21023;2000;2000;2026-10-05T00:00:00.000Z;2026-11-08T23:59:59.999Z;
Poste;21024;2000;2000;2026-10-05T00:00:00.000Z;2026-11-08T23:59:59.999Z;
Poste;21025;2000;2000;2026-10-05T00:00:00.000Z;2026-11-08T23:59:59.999Z;
Poste;21026;2000;2000;2026-10-05T00:00:00.000Z;2026-11-08T23:59:59.999Z;
Poste;21027;2000;2000;2026-10-05T00:00:00.000Z;2026-11-08T23:59:59.999Z;
Poste;21028;2000;2000;2026-10-05T00:00:00.000Z;2026-11-08T23:59:59.999Z;
Poste;21029;2000;2000;2026-10-05T00:00:00.000Z;2026-11-08T23:59:59.999Z;
Poste;21030;2000;2000;2026-10-05T00:00:00.000Z;2026-11-08T23:59:59.999Z;
Poste;21031;2000;2000;2026-10-05T00:00:00.000Z;2026-11-08T23:59:59.999Z;
Poste;21032;2000;2000;2026-10-05T00:00:00.000Z;2026-11-08T23:59:59.999Z;
Poste;21033;2000;2000;2026-10-05T00:00:00.000Z;2026-11-08T23:59:59.999Z;
Poste;21034;2000;2000;2026-10-05T00:00:00.000Z;2026-11-08T23:59:59.999Z;
Poste;21035;2000;2000;2026-10-05T00:00:00.000Z;2026-11-08T23:59:59.999Z;
Poste;21036;2000;2000;2026-10-05T00:00:00.000Z;2026-11-08T23:59:59.999Z;
Poste;21037;2000;2000;2026-10-05T00:00:00.000Z;2026-11-08T23:59:59.999Z;
Poste;21038;2000;2000;2026-10-05T00:00:00.000Z;2026-11-08T23:59:59.999Z;
Poste;21039;2000;2000;2026-10-05T00:00:00.000Z;2026-11-08T23:59:59.999Z;
Poste;21040;2000;2000;2026-10-05T00:00:00.000Z;2026-11-08T23:59:59.999Z;
Poste;21041;2000;2000;2026-10-05T00:00:00.000Z;2026-11-08T23:59:59.999Z;
Poste;21042;2000;2000;2026-10-05T00:00:00.000Z;2026-11-08T23:59:59.999Z;
Poste;21043;2000;2000;2026-10-05T00:00:00.000Z;2026-11-08T23:59:59.999Z;
Poste;21044;2000;2000;2026-10-05T00:00:00.000Z;2026-11-08T23:59:59.999Z;
Poste;21045;2000;2000;2026-10-05T00:00:00.000Z;2026-11-08T23:59:59.999Z;
Poste;21046;2000;2000;2026-10-05T00:00:00.000Z;2026-11-08T23:59:59.999Z;
Poste;21047;2000;2000;2026-10-05T00:00:00.000Z;2026-11-08T23:59:59.999Z;
Poste;21048;2000;2000;2026-10-05T00:00:00.000Z;2026-11-08T23:59:59.999Z;
Poste;21049;2000;2000;2026-10-05T00:00:00.000Z;2026-11-08T23:59:59.999Z;
Poste;21050;2000;2000;2026-10-05T00:00:00.000Z;2026-11-08T23:59:59.999Z;
Poste;21051;2000;2000;2026-10-05T00:00:00.000Z;2026-11-08T23:59:59.999Z;
Poste;21052;2000;2000;2026-10-05T00:00:00.000Z;2026-11-08T23:59:59.999Z;
Poste;21053;2000;2000;2026-10-05T00:00:00.000Z;2026-11-08T23:59:59.999Z;
Poste;21054;2000;2000;2026-10-05T00:00:00.000Z;2026-11-08T23:59:59.999Z;
Poste;21055;2000;2000;2026-10-05T00:00:00.000Z;2026-11-08T23:59:59.999Z;
Poste;21056;2000;2000;2026-10-05T00:00:00.000Z;2026-11-08T23:59:59.999Z;
Poste;21057;2000;2000;2026-10-05T00:00:00.000Z;2026-11-08T23:59:59.999Z;
Poste;21058;2000;2000;2026-10-05T00:00:00.000Z;2026-11-08T23:59:59.999Z;
Poste;21059;2000;2000;2026-10-05T00:00:00.000Z;2026-11-08T23:59:59.999Z;
Poste;21061;2000;2000;2026-10-05T00:00:00.000Z;2026-11-08T23:59:59.999Z;
Poste;21062;2000;2000;2026-10-05T00:00:00.000Z;2026-11-08T23:59:59.999Z;
Poste;21100;3000;3000;2026-10-05T00:00:00.000Z;2026-11-08T23:59:59.999Z;
Poste;CO;9150;9150;2026-10-05T00:00:00.000Z;2026-11-08T23:59:59.999Z;890,AR,RS
Poste;22010;2000;2000;2026-10-05T00:00:00.000Z;2026-11-08T23:59:59.999Z;
Poste;22011;2000;2000;2026-10-05T00:00:00.000Z;2026-11-08T23:59:59.999Z;
Poste;22012;2000;2000;2026-10-05T00:00:00.000Z;2026-11-08T23:59:59.999Z;
Poste;22013;2000;2000;2026-10-05T00:00:00.000Z;2026-11-08T23:59:59.999Z;
Poste;22014;2000;2000;2026-10-05T00:00:00.000Z;2026-11-08T23:59:59.999Z;
Poste;22015;2000;2000;2026-10-05T00:00:00.000Z;2026-11-08T23:59:59.999Z;
Poste;22016;2000;2000;2026-10-05T00:00:00.000Z;2026-11-08T23:59:59.999Z;
Poste;22017;2000;2000;2026-10-05T00:00:00.000Z;2026-11-08T23:59:59.999Z;
Poste;22018;2000;2000;2026-10-05T00:00:00.000Z;2026-11-08T23:59:59.999Z;
Poste;22019;2000;2000;2026-10-05T00:00:00.000Z;2026-11-08T23:59:59.999Z;
Poste;22020;2000;2000;2026-10-05T00:00:00.000Z;2026-11-08T23:59:59.999Z;
Poste;22021;2000;2000;2026-10-05T00:00:00.000Z;2026-11-08T23:59:59.999Z;
Poste;22023;2000;2000;2026-10-05T00:00:00.000Z;2026-11-08T23:59:59.999Z;
Poste;22024;2000;2000;2026-10-05T00:00:00.000Z;2026-11-08T23:59:59.999Z;
Poste;22025;2000;2000;2026-10-05T00:00:00.000Z;2026-11-08T23:59:59.999Z;
Poste;22026;2000;2000;2026-10-05T00:00:00.000Z;2026-11-08T23:59:59.999Z;
Poste;22027;2000;2000;2026-10-05T00:00:00.000Z;2026-11-08T23:59:59.999Z;
Poste;22028;2000;2000;2026-10-05T00:00:00.000Z;2026-11-08T23:59:59.999Z;
Poste;22029;2000;2000;2026-10-05T00:00:00.000Z;2026-11-08T23:59:59.999Z;
Poste;22030;2000;2000;2026-10-05T00:00:00.000Z;2026-11-08T23:59:59.999Z;
Poste;22031;2000;2000;2026-10-05T00:00:00.000Z;2026-11-08T23:59:59.999Z;
Poste;22032;2000;2000;2026-10-05T00:00:00.000Z;2026-11-08T23:59:59.999Z;
Poste;22033;2000;2000;2026-10-05T00:00:00.000Z;2026-11-08T23:59:59.999Z;
Poste;22034;2000;2000;2026-10-05T00:00:00.000Z;2026-11-08T23:59:59.999Z;
Poste;22035;2000;2000;2026-10-05T00:00:00.000Z;2026-11-08T23:59:59.999Z;
Poste;22036;2000;2000;2026-10-05T00:00:00.000Z;2026-11-08T23:59:59.999Z;
Poste;22037;2000;2000;2026-10-05T00:00:00.000Z;2026-11-08T23:59:59.999Z;
Poste;22038;2000;2000;2026-10-05T00:00:00.000Z;2026-11-08T23:59:59.999Z;
Poste;22039;2000;2000;2026-10-05T00:00:00.000Z;2026-11-08T23:59:59.999Z;
Poste;22040;2000;2000;2026-10-05T00:00:00.000Z;2026-11-08T23:59:59.999Z;
Poste;22041;2000;2000;2026-10-05T00:00:00.000Z;2026-11-08T23:59:59.999Z;
Poste;22042;2000;2000;2026-10-05T00:00:00.000Z;2026-11-08T23:59:59.999Z;
Poste;22043;2000;2000;2026-10-05T00:00:00.000Z;2026-11-08T23:59:59.999Z;
Poste;22044;2000;2000;2026-10-05T00:00:00.000Z;2026-11-08T23:59:59.999Z;
Poste;22045;2000;2000;2026-10-05T00:00:00.000Z;2026-11-08T23:59:59.999Z;
Poste;22046;2000;2000;2026-10-05T00:00:00.000Z;2026-11-08T23:59:59.999Z;
Poste;22060;2000;2000;2026-10-05T00:00:00.000Z;2026-11-08T23:59:59.999Z;
Poste;22061;2000;2000;2026-10-05T00:00:00.000Z;2026-11-08T23:59:59.999Z;
Poste;22063;2000;2000;2026-10-05T00:00:00.000Z;2026-11-08T23:59:59.999Z;
Poste;22066;2000;2000;2026-10-05T00:00:00.000Z;2026-11-08T23:59:59.999Z;
Poste;22069;2000;2000;2026-10-05T00:00:00.000Z;2026-11-08T23:59:59.999Z;
Poste;22070;2000;2000;2026-10-05T00:00:00.000Z;2026-11-08T23:59:59.999Z;
Poste;22071;2000;2000;2026-10-05T00:00:00.000Z;2026-11-08T23:59:59.999Z;
Poste;22072;2000;2000;2026-10-05T00:00:00.000Z;2026-11-08T23:59:59.999Z;
Poste;22073;2000;2000;2026-10-05T00:00:00.000Z;2026-11-08T23:59:59.999Z;
Poste;22074;2000;2000;2026-10-05T00:00:00.000Z;2026-11-08T23:59:59.999Z;
Poste;22075;2000;2000;2026-10-05T00:00:00.000Z;2026-11-08T23:59:59.999Z;
Poste;22076;2000;2000;2026-10-05T00:00:00.000Z;2026-11-08T23:59:59.999Z;
Poste;22077;2000;2000;2026-10-05T00:00:00.000Z;2026-11-08T23:59:59.999Z;
Poste;22078;2000;2000;2026-10-05T00:00:00.000Z;2026-11-08T23:59:59.999Z;
Poste;22079;2000;2000;2026-10-05T00:00:00.000Z;2026-11-08T23:59:59.999Z;
Poste;22100;3000;3000;2026-10-05T00:00:00.000Z;2026-11-08T23:59:59.999Z;
Poste;SO;2650;2650;2026-10-05T00:00:00.000Z;2026-11-08T23:59:59.999Z;890,AR,RS
Poste;23009;2000;2000;2026-10-05T00:00:00.000Z;2026-11-08T23:59:59.999Z;
Poste;23010;2000;2000;2026-10-05T00:00:00.000Z;2026-11-08T23:59:59.999Z;
Poste;23011;2000;2000;2026-10-05T00:00:00.000Z;2026-11-08T23:59:59.999Z;
Poste;23012;2000;2000;2026-10-05T00:00:00.000Z;2026-11-08T23:59:59.999Z;
Poste;23013;2000;2000;2026-10-05T00:00:00.000Z;2026-11-08T23:59:59.999Z;
Poste;23014;2000;2000;2026-10-05T00:00:00.000Z;2026-11-08T23:59:59.999Z;
Poste;23015;2000;2000;2026-10-05T00:00:00.000Z;2026-11-08T23:59:59.999Z;
Poste;23016;2000;2000;2026-10-05T00:00:00.000Z;2026-11-08T23:59:59.999Z;
Poste;23017;2000;2000;2026-10-05T00:00:00.000Z;2026-11-08T23:59:59.999Z;
Poste;23018;2000;2000;2026-10-05T00:00:00.000Z;2026-11-08T23:59:59.999Z;
Poste;23019;2000;2000;2026-10-05T00:00:00.000Z;2026-11-08T23:59:59.999Z;
Poste;23020;2000;2000;2026-10-05T00:00:00.000Z;2026-11-08T23:59:59.999Z;
Poste;23021;2000;2000;2026-10-05T00:00:00.000Z;2026-11-08T23:59:59.999Z;
Poste;23022;2000;2000;2026-10-05T00:00:00.000Z;2026-11-08T23:59:59.999Z;
Poste;23023;2000;2000;2026-10-05T00:00:00.000Z;2026-11-08T23:59:59.999Z;
Poste;23024;2000;2000;2026-10-05T00:00:00.000Z;2026-11-08T23:59:59.999Z;
Poste;23025;2000;2000;2026-10-05T00:00:00.000Z;2026-11-08T23:59:59.999Z;
Poste;23026;2000;2000;2026-10-05T00:00:00.000Z;2026-11-08T23:59:59.999Z;
Poste;23027;2000;2000;2026-10-05T00:00:00.000Z;2026-11-08T23:59:59.999Z;
Poste;23029;2000;2000;2026-10-05T00:00:00.000Z;2026-11-08T23:59:59.999Z;
Poste;23030;2000;2000;2026-10-05T00:00:00.000Z;2026-11-08T23:59:59.999Z;
Poste;23031;2000;2000;2026-10-05T00:00:00.000Z;2026-11-08T23:59:59.999Z;
Poste;23032;2000;2000;2026-10-05T00:00:00.000Z;2026-11-08T23:59:59.999Z;
Poste;23033;2000;2000;2026-10-05T00:00:00.000Z;2026-11-08T23:59:59.999Z;
Poste;23034;2000;2000;2026-10-05T00:00:00.000Z;2026-11-08T23:59:59.999Z;
Poste;23035;2000;2000;2026-10-05T00:00:00.000Z;2026-11-08T23:59:59.999Z;
Poste;23036;2000;2000;2026-10-05T00:00:00.000Z;2026-11-08T23:59:59.999Z;
Poste;23037;2000;2000;2026-10-05T00:00:00.000Z;2026-11-08T23:59:59.999Z;
Poste;23038;2000;2000;2026-10-05T00:00:00.000Z;2026-11-08T23:59:59.999Z;
Poste;23041;2000;2000;2026-10-05T00:00:00.000Z;2026-11-08T23:59:59.999Z;
Poste;23100;3000;3000;2026-10-05T00:00:00.000Z;2026-11-08T23:59:59.999Z;
Poste;LC;4650;4650;2026-10-05T00:00:00.000Z;2026-11-08T23:59:59.999Z;890,AR,RS
Poste;23801;2000;2000;2026-10-05T00:00:00.000Z;2026-11-08T23:59:59.999Z;
Poste;23802;2000;2000;2026-10-05T00:00:00.000Z;2026-11-08T23:59:59.999Z;
Poste;23804;2000;2000;2026-10-05T00:00:00.000Z;2026-11-08T23:59:59.999Z;
Poste;23805;2000;2000;2026-10-05T00:00:00.000Z;2026-11-08T23:59:59.999Z;
Poste;23807;2000;2000;2026-10-05T00:00:00.000Z;2026-11-08T23:59:59.999Z;
Poste;23808;2000;2000;2026-10-05T00:00:00.000Z;2026-11-08T23:59:59.999Z;
Poste;23811;2000;2000;2026-10-05T00:00:00.000Z;2026-11-08T23:59:59.999Z;
Poste;23813;2000;2000;2026-10-05T00:00:00.000Z;2026-11-08T23:59:59.999Z;
Poste;23814;2000;2000;2026-10-05T00:00:00.000Z;2026-11-08T23:59:59.999Z;
Poste;23815;2000;2000;2026-10-05T00:00:00.000Z;2026-11-08T23:59:59.999Z;
Poste;23816;2000;2000;2026-10-05T00:00:00.000Z;2026-11-08T23:59:59.999Z;
Poste;23817;2000;2000;2026-10-05T00:00:00.000Z;2026-11-08T23:59:59.999Z;
Poste;23818;2000;2000;2026-10-05T00:00:00.000Z;2026-11-08T23:59:59.999Z;
Poste;23819;2000;2000;2026-10-05T00:00:00.000Z;2026-11-08T23:59:59.999Z;
Poste;23821;2000;2000;2026-10-05T00:00:00.000Z;2026-11-08T23:59:59.999Z;
Poste;23822;2000;2000;2026-10-05T00:00:00.000Z;2026-11-08T23:59:59.999Z;
Poste;23823;2000;2000;2026-10-05T00:00:00.000Z;2026-11-08T23:59:59.999Z;
Poste;23824;2000;2000;2026-10-05T00:00:00.000Z;2026-11-08T23:59:59.999Z;
Poste;23825;2000;2000;2026-10-05T00:00:00.000Z;2026-11-08T23:59:59.999Z;
Poste;23826;2000;2000;2026-10-05T00:00:00.000Z;2026-11-08T23:59:59.999Z;
Poste;23827;2000;2000;2026-10-05T00:00:00.000Z;2026-11-08T23:59:59.999Z;
Poste;23828;2000;2000;2026-10-05T00:00:00.000Z;2026-11-08T23:59:59.999Z;
Poste;23829;2000;2000;2026-10-05T00:00:00.000Z;2026-11-08T23:59:59.999Z;
Poste;23831;2000;2000;2026-10-05T00:00:00.000Z;2026-11-08T23:59:59.999Z;
Poste;23832;2000;2000;2026-10-05T00:00:00.000Z;2026-11-08T23:59:59.999Z;
Poste;23833;2000;2000;2026-10-05T00:00:00.000Z;2026-11-08T23:59:59.999Z;
Poste;23834;2000;2000;2026-10-05T00:00:00.000Z;2026-11-08T23:59:59.999Z;
Poste;23835;2000;2000;2026-10-05T00:00:00.000Z;2026-11-08T23:59:59.999Z;
Poste;23836;2000;2000;2026-10-05T00:00:00.000Z;2026-11-08T23:59:59.999Z;
Poste;23837;2000;2000;2026-10-05T00:00:00.000Z;2026-11-08T23:59:59.999Z;
Poste;23841;2000;2000;2026-10-05T00:00:00.000Z;2026-11-08T23:59:59.999Z;
Poste;23842;2000;2000;2026-10-05T00:00:00.000Z;2026-11-08T23:59:59.999Z;
Poste;23843;2000;2000;2026-10-05T00:00:00.000Z;2026-11-08T23:59:59.999Z;
Poste;23844;2000;2000;2026-10-05T00:00:00.000Z;2026-11-08T23:59:59.999Z;
Poste;23845;2000;2000;2026-10-05T00:00:00.000Z;2026-11-08T23:59:59.999Z;
Poste;23846;2000;2000;2026-10-05T00:00:00.000Z;2026-11-08T23:59:59.999Z;
Poste;23847;2000;2000;2026-10-05T00:00:00.000Z;2026-11-08T23:59:59.999Z;
Poste;23848;2000;2000;2026-10-05T00:00:00.000Z;2026-11-08T23:59:59.999Z;
Poste;23849;2000;2000;2026-10-05T00:00:00.000Z;2026-11-08T23:59:59.999Z;
Poste;23851;2000;2000;2026-10-05T00:00:00.000Z;2026-11-08T23:59:59.999Z;
Poste;23852;2000;2000;2026-10-05T00:00:00.000Z;2026-11-08T23:59:59.999Z;
Poste;23854;2000;2000;2026-10-05T00:00:00.000Z;2026-11-08T23:59:59.999Z;
Poste;23855;2000;2000;2026-10-05T00:00:00.000Z;2026-11-08T23:59:59.999Z;
Poste;23857;2000;2000;2026-10-05T00:00:00.000Z;2026-11-08T23:59:59.999Z;
Poste;23861;2000;2000;2026-10-05T00:00:00.000Z;2026-11-08T23:59:59.999Z;
Poste;23862;2000;2000;2026-10-05T00:00:00.000Z;2026-11-08T23:59:59.999Z;
Poste;23864;2000;2000;2026-10-05T00:00:00.000Z;2026-11-08T23:59:59.999Z;
Poste;23865;2000;2000;2026-10-05T00:00:00.000Z;2026-11-08T23:59:59.999Z;
Poste;23867;2000;2000;2026-10-05T00:00:00.000Z;2026-11-08T23:59:59.999Z;
Poste;23868;2000;2000;2026-10-05T00:00:00.000Z;2026-11-08T23:59:59.999Z;
Poste;23870;2000;2000;2026-10-05T00:00:00.000Z;2026-11-08T23:59:59.999Z;
Poste;23871;2000;2000;2026-10-05T00:00:00.000Z;2026-11-08T23:59:59.999Z;
Poste;23873;2000;2000;2026-10-05T00:00:00.000Z;2026-11-08T23:59:59.999Z;
Poste;23874;2000;2000;2026-10-05T00:00:00.000Z;2026-11-08T23:59:59.999Z;
Poste;23875;2000;2000;2026-10-05T00:00:00.000Z;2026-11-08T23:59:59.999Z;
Poste;23876;2000;2000;2026-10-05T00:00:00.000Z;2026-11-08T23:59:59.999Z;
Poste;23877;2000;2000;2026-10-05T00:00:00.000Z;2026-11-08T23:59:59.999Z;
Poste;23878;2000;2000;2026-10-05T00:00:00.000Z;2026-11-08T23:59:59.999Z;
Poste;23879;2000;2000;2026-10-05T00:00:00.000Z;2026-11-08T23:59:59.999Z;
Poste;23880;2000;2000;2026-10-05T00:00:00.000Z;2026-11-08T23:59:59.999Z;
Poste;23881;2000;2000;2026-10-05T00:00:00.000Z;2026-11-08T23:59:59.999Z;
Poste;23883;2000;2000;2026-10-05T00:00:00.000Z;2026-11-08T23:59:59.999Z;
Poste;23884;2000;2000;2026-10-05T00:00:00.000Z;2026-11-08T23:59:59.999Z;
Poste;23885;2000;2000;2026-10-05T00:00:00.000Z;2026-11-08T23:59:59.999Z;
Poste;23886;2000;2000;2026-10-05T00:00:00.000Z;2026-11-08T23:59:59.999Z;
Poste;23887;2000;2000;2026-10-05T00:00:00.000Z;2026-11-08T23:59:59.999Z;
Poste;23888;2000;2000;2026-10-05T00:00:00.000Z;2026-11-08T23:59:59.999Z;
Poste;23889;2000;2000;2026-10-05T00:00:00.000Z;2026-11-08T23:59:59.999Z;
Poste;23890;2000;2000;2026-10-05T00:00:00.000Z;2026-11-08T23:59:59.999Z;
Poste;23891;2000;2000;2026-10-05T00:00:00.000Z;2026-11-08T23:59:59.999Z;
Poste;23892;2000;2000;2026-10-05T00:00:00.000Z;2026-11-08T23:59:59.999Z;
Poste;23893;2000;2000;2026-10-05T00:00:00.000Z;2026-11-08T23:59:59.999Z;
Poste;23894;2000;2000;2026-10-05T00:00:00.000Z;2026-11-08T23:59:59.999Z;
Poste;23895;2000;2000;2026-10-05T00:00:00.000Z;2026-11-08T23:59:59.999Z;
Poste;23896;2000;2000;2026-10-05T00:00:00.000Z;2026-11-08T23:59:59.999Z;
Poste;23897;2000;2000;2026-10-05T00:00:00.000Z;2026-11-08T23:59:59.999Z;
Poste;23898;2000;2000;2026-10-05T00:00:00.000Z;2026-11-08T23:59:59.999Z;
Poste;23899;2000;2000;2026-10-05T00:00:00.000Z;2026-11-08T23:59:59.999Z;
Poste;23900;3000;3000;2026-10-05T00:00:00.000Z;2026-11-08T23:59:59.999Z;
Poste;BG;18200;18200;2026-10-05T00:00:00.000Z;2026-11-08T23:59:59.999Z;890,AR,RS
Poste;24010;2000;2000;2026-10-05T00:00:00.000Z;2026-11-08T23:59:59.999Z;
Poste;24011;2000;2000;2026-10-05T00:00:00.000Z;2026-11-08T23:59:59.999Z;
Poste;24012;2000;2000;2026-10-05T00:00:00.000Z;2026-11-08T23:59:59.999Z;
Poste;24013;2000;2000;2026-10-05T00:00:00.000Z;2026-11-08T23:59:59.999Z;
Poste;24014;2000;2000;2026-10-05T00:00:00.000Z;2026-11-08T23:59:59.999Z;
Poste;24015;2000;2000;2026-10-05T00:00:00.000Z;2026-11-08T23:59:59.999Z;
Poste;24016;2000;2000;2026-10-05T00:00:00.000Z;2026-11-08T23:59:59.999Z;
Poste;24017;2000;2000;2026-10-05T00:00:00.000Z;2026-11-08T23:59:59.999Z;
Poste;24018;2000;2000;2026-10-05T00:00:00.000Z;2026-11-08T23:59:59.999Z;
Poste;24019;2000;2000;2026-10-05T00:00:00.000Z;2026-11-08T23:59:59.999Z;
Poste;24020;2000;2000;2026-10-05T00:00:00.000Z;2026-11-08T23:59:59.999Z;
Poste;24021;2000;2000;2026-10-05T00:00:00.000Z;2026-11-08T23:59:59.999Z;
Poste;24022;2000;2000;2026-10-05T00:00:00.000Z;2026-11-08T23:59:59.999Z;
Poste;24023;2000;2000;2026-10-05T00:00:00.000Z;2026-11-08T23:59:59.999Z;
Poste;24024;2000;2000;2026-10-05T00:00:00.000Z;2026-11-08T23:59:59.999Z;
Poste;24025;2000;2000;2026-10-05T00:00:00.000Z;2026-11-08T23:59:59.999Z;
Poste;24026;2000;2000;2026-10-05T00:00:00.000Z;2026-11-08T23:59:59.999Z;
Poste;24027;2000;2000;2026-10-05T00:00:00.000Z;2026-11-08T23:59:59.999Z;
Poste;24028;2000;2000;2026-10-05T00:00:00.000Z;2026-11-08T23:59:59.999Z;
Poste;24029;2000;2000;2026-10-05T00:00:00.000Z;2026-11-08T23:59:59.999Z;
Poste;24030;2000;2000;2026-10-05T00:00:00.000Z;2026-11-08T23:59:59.999Z;
Poste;24031;2000;2000;2026-10-05T00:00:00.000Z;2026-11-08T23:59:59.999Z;
Poste;24032;2000;2000;2026-10-05T00:00:00.000Z;2026-11-08T23:59:59.999Z;
Poste;24033;2000;2000;2026-10-05T00:00:00.000Z;2026-11-08T23:59:59.999Z;
Poste;24034;2000;2000;2026-10-05T00:00:00.000Z;2026-11-08T23:59:59.999Z;
Poste;24035;2000;2000;2026-10-05T00:00:00.000Z;2026-11-08T23:59:59.999Z;
Poste;24036;2000;2000;2026-10-05T00:00:00.000Z;2026-11-08T23:59:59.999Z;
Poste;24037;2000;2000;2026-10-05T00:00:00.000Z;2026-11-08T23:59:59.999Z;
Poste;24038;2000;2000;2026-10-05T00:00:00.000Z;2026-11-08T23:59:59.999Z;
Poste;24039;2000;2000;2026-10-05T00:00:00.000Z;2026-11-08T23:59:59.999Z;
Poste;24040;2000;2000;2026-10-05T00:00:00.000Z;2026-11-08T23:59:59.999Z;
Poste;24041;2000;2000;2026-10-05T00:00:00.000Z;2026-11-08T23:59:59.999Z;
Poste;24042;2000;2000;2026-10-05T00:00:00.000Z;2026-11-08T23:59:59.999Z;
Poste;24043;2000;2000;2026-10-05T00:00:00.000Z;2026-11-08T23:59:59.999Z;
Poste;24044;2000;2000;2026-10-05T00:00:00.000Z;2026-11-08T23:59:59.999Z;
Poste;24045;2000;2000;2026-10-05T00:00:00.000Z;2026-11-08T23:59:59.999Z;
Poste;24046;2000;2000;2026-10-05T00:00:00.000Z;2026-11-08T23:59:59.999Z;
Poste;24047;2000;2000;2026-10-05T00:00:00.000Z;2026-11-08T23:59:59.999Z;
Poste;24048;2000;2000;2026-10-05T00:00:00.000Z;2026-11-08T23:59:59.999Z;
Poste;24049;2000;2000;2026-10-05T00:00:00.000Z;2026-11-08T23:59:59.999Z;
Poste;24050;2000;2000;2026-10-05T00:00:00.000Z;2026-11-08T23:59:59.999Z;
Poste;24051;2000;2000;2026-10-05T00:00:00.000Z;2026-11-08T23:59:59.999Z;
Poste;24052;2000;2000;2026-10-05T00:00:00.000Z;2026-11-08T23:59:59.999Z;
Poste;24053;2000;2000;2026-10-05T00:00:00.000Z;2026-11-08T23:59:59.999Z;
Poste;24054;2000;2000;2026-10-05T00:00:00.000Z;2026-11-08T23:59:59.999Z;
Poste;24055;2000;2000;2026-10-05T00:00:00.000Z;2026-11-08T23:59:59.999Z;
Poste;24056;2000;2000;2026-10-05T00:00:00.000Z;2026-11-08T23:59:59.999Z;
Poste;24057;2000;2000;2026-10-05T00:00:00.000Z;2026-11-08T23:59:59.999Z;
Poste;24058;2000;2000;2026-10-05T00:00:00.000Z;2026-11-08T23:59:59.999Z;
Poste;24059;2000;2000;2026-10-05T00:00:00.000Z;2026-11-08T23:59:59.999Z;
Poste;24060;2000;2000;2026-10-05T00:00:00.000Z;2026-11-08T23:59:59.999Z;
Poste;24061;2000;2000;2026-10-05T00:00:00.000Z;2026-11-08T23:59:59.999Z;
Poste;24062;2000;2000;2026-10-05T00:00:00.000Z;2026-11-08T23:59:59.999Z;
Poste;24063;2000;2000;2026-10-05T00:00:00.000Z;2026-11-08T23:59:59.999Z;
Poste;24064;2000;2000;2026-10-05T00:00:00.000Z;2026-11-08T23:59:59.999Z;
Poste;24065;2000;2000;2026-10-05T00:00:00.000Z;2026-11-08T23:59:59.999Z;
Poste;24066;2000;2000;2026-10-05T00:00:00.000Z;2026-11-08T23:59:59.999Z;
Poste;24067;2000;2000;2026-10-05T00:00:00.000Z;2026-11-08T23:59:59.999Z;
Poste;24068;2000;2000;2026-10-05T00:00:00.000Z;2026-11-08T23:59:59.999Z;
Poste;24069;2000;2000;2026-10-05T00:00:00.000Z;2026-11-08T23:59:59.999Z;
Poste;24121;3000;3000;2026-10-05T00:00:00.000Z;2026-11-08T23:59:59.999Z;
Poste;24122;3000;3000;2026-10-05T00:00:00.000Z;2026-11-08T23:59:59.999Z;
Poste;24123;3000;3000;2026-10-05T00:00:00.000Z;2026-11-08T23:59:59.999Z;
Poste;24124;3000;3000;2026-10-05T00:00:00.000Z;2026-11-08T23:59:59.999Z;
Poste;24125;3000;3000;2026-10-05T00:00:00.000Z;2026-11-08T23:59:59.999Z;
Poste;24126;3000;3000;2026-10-05T00:00:00.000Z;2026-11-08T23:59:59.999Z;
Poste;24127;3000;3000;2026-10-05T00:00:00.000Z;2026-11-08T23:59:59.999Z;
Poste;24128;3000;3000;2026-10-05T00:00:00.000Z;2026-11-08T23:59:59.999Z;
Poste;24129;3000;3000;2026-10-05T00:00:00.000Z;2026-11-08T23:59:59.999Z;
Poste;BS;22100;22100;2026-10-05T00:00:00.000Z;2026-11-08T23:59:59.999Z;890,AR,RS
Poste;25010;2000;2000;2026-10-05T00:00:00.000Z;2026-11-08T23:59:59.999Z;
Poste;25011;2000;2000;2026-10-05T00:00:00.000Z;2026-11-08T23:59:59.999Z;
Poste;25012;2000;2000;2026-10-05T00:00:00.000Z;2026-11-08T23:59:59.999Z;
Poste;25013;2000;2000;2026-10-05T00:00:00.000Z;2026-11-08T23:59:59.999Z;
Poste;25014;2000;2000;2026-10-05T00:00:00.000Z;2026-11-08T23:59:59.999Z;
Poste;25015;2000;2000;2026-10-05T00:00:00.000Z;2026-11-08T23:59:59.999Z;
Poste;25016;2000;2000;2026-10-05T00:00:00.000Z;2026-11-08T23:59:59.999Z;
Poste;25017;2000;2000;2026-10-05T00:00:00.000Z;2026-11-08T23:59:59.999Z;
Poste;25018;2000;2000;2026-10-05T00:00:00.000Z;2026-11-08T23:59:59.999Z;
Poste;25019;2000;2000;2026-10-05T00:00:00.000Z;2026-11-08T23:59:59.999Z;
Poste;25020;2000;2000;2026-10-05T00:00:00.000Z;2026-11-08T23:59:59.999Z;
Poste;25021;2000;2000;2026-10-05T00:00:00.000Z;2026-11-08T23:59:59.999Z;
Poste;25022;2000;2000;2026-10-05T00:00:00.000Z;2026-11-08T23:59:59.999Z;
Poste;25023;2000;2000;2026-10-05T00:00:00.000Z;2026-11-08T23:59:59.999Z;
Poste;25024;2000;2000;2026-10-05T00:00:00.000Z;2026-11-08T23:59:59.999Z;
Poste;25025;2000;2000;2026-10-05T00:00:00.000Z;2026-11-08T23:59:59.999Z;
Poste;25026;2000;2000;2026-10-05T00:00:00.000Z;2026-11-08T23:59:59.999Z;
Poste;25027;2000;2000;2026-10-05T00:00:00.000Z;2026-11-08T23:59:59.999Z;
Poste;25028;2000;2000;2026-10-05T00:00:00.000Z;2026-11-08T23:59:59.999Z;
Poste;25029;2000;2000;2026-10-05T00:00:00.000Z;2026-11-08T23:59:59.999Z;
Poste;25030;2000;2000;2026-10-05T00:00:00.000Z;2026-11-08T23:59:59.999Z;
Poste;25031;2000;2000;2026-10-05T00:00:00.000Z;2026-11-08T23:59:59.999Z;
Poste;25032;2000;2000;2026-10-05T00:00:00.000Z;2026-11-08T23:59:59.999Z;
Poste;25033;2000;2000;2026-10-05T00:00:00.000Z;2026-11-08T23:59:59.999Z;
Poste;25034;2000;2000;2026-10-05T00:00:00.000Z;2026-11-08T23:59:59.999Z;
Poste;25035;2000;2000;2026-10-05T00:00:00.000Z;2026-11-08T23:59:59.999Z;
Poste;25036;2000;2000;2026-10-05T00:00:00.000Z;2026-11-08T23:59:59.999Z;
Poste;25037;2000;2000;2026-10-05T00:00:00.000Z;2026-11-08T23:59:59.999Z;
Poste;25038;2000;2000;2026-10-05T00:00:00.000Z;2026-11-08T23:59:59.999Z;
Poste;25039;2000;2000;2026-10-05T00:00:00.000Z;2026-11-08T23:59:59.999Z;
Poste;25040;2000;2000;2026-10-05T00:00:00.000Z;2026-11-08T23:59:59.999Z;
Poste;25042;2000;2000;2026-10-05T00:00:00.000Z;2026-11-08T23:59:59.999Z;
Poste;25043;2000;2000;2026-10-05T00:00:00.000Z;2026-11-08T23:59:59.999Z;
Poste;25044;2000;2000;2026-10-05T00:00:00.000Z;2026-11-08T23:59:59.999Z;
Poste;25045;2000;2000;2026-10-05T00:00:00.000Z;2026-11-08T23:59:59.999Z;
Poste;25046;2000;2000;2026-10-05T00:00:00.000Z;2026-11-08T23:59:59.999Z;
Poste;25047;2000;2000;2026-10-05T00:00:00.000Z;2026-11-08T23:59:59.999Z;
Poste;25048;2000;2000;2026-10-05T00:00:00.000Z;2026-11-08T23:59:59.999Z;
Poste;25049;2000;2000;2026-10-05T00:00:00.000Z;2026-11-08T23:59:59.999Z;
Poste;25050;2000;2000;2026-10-05T00:00:00.000Z;2026-11-08T23:59:59.999Z;
Poste;25051;2000;2000;2026-10-05T00:00:00.000Z;2026-11-08T23:59:59.999Z;
Poste;25052;2000;2000;2026-10-05T00:00:00.000Z;2026-11-08T23:59:59.999Z;
Poste;25053;2000;2000;2026-10-05T00:00:00.000Z;2026-11-08T23:59:59.999Z;
Poste;25054;2000;2000;2026-10-05T00:00:00.000Z;2026-11-08T23:59:59.999Z;
Poste;25055;2000;2000;2026-10-05T00:00:00.000Z;2026-11-08T23:59:59.999Z;
Poste;25056;2000;2000;2026-10-05T00:00:00.000Z;2026-11-08T23:59:59.999Z;
Poste;25057;2000;2000;2026-10-05T00:00:00.000Z;2026-11-08T23:59:59.999Z;
Poste;25058;2000;2000;2026-10-05T00:00:00.000Z;2026-11-08T23:59:59.999Z;
Poste;25059;2000;2000;2026-10-05T00:00:00.000Z;2026-11-08T23:59:59.999Z;
Poste;25060;2000;2000;2026-10-05T00:00:00.000Z;2026-11-08T23:59:59.999Z;
Poste;25061;2000;2000;2026-10-05T00:00:00.000Z;2026-11-08T23:59:59.999Z;
Poste;25062;2000;2000;2026-10-05T00:00:00.000Z;2026-11-08T23:59:59.999Z;
Poste;25063;2000;2000;2026-10-05T00:00:00.000Z;2026-11-08T23:59:59.999Z;
Poste;25064;2000;2000;2026-10-05T00:00:00.000Z;2026-11-08T23:59:59.999Z;
Poste;25065;2000;2000;2026-10-05T00:00:00.000Z;2026-11-08T23:59:59.999Z;
Poste;25068;2000;2000;2026-10-05T00:00:00.000Z;2026-11-08T23:59:59.999Z;
Poste;25069;2000;2000;2026-10-05T00:00:00.000Z;2026-11-08T23:59:59.999Z;
Poste;25070;2000;2000;2026-10-05T00:00:00.000Z;2026-11-08T23:59:59.999Z;
Poste;25071;2000;2000;2026-10-05T00:00:00.000Z;2026-11-08T23:59:59.999Z;
Poste;25072;2000;2000;2026-10-05T00:00:00.000Z;2026-11-08T23:59:59.999Z;
Poste;25073;2000;2000;2026-10-05T00:00:00.000Z;2026-11-08T23:59:59.999Z;
Poste;25074;2000;2000;2026-10-05T00:00:00.000Z;2026-11-08T23:59:59.999Z;
Poste;25075;2000;2000;2026-10-05T00:00:00.000Z;2026-11-08T23:59:59.999Z;
Poste;25076;2000;2000;2026-10-05T00:00:00.000Z;2026-11-08T23:59:59.999Z;
Poste;25077;2000;2000;2026-10-05T00:00:00.000Z;2026-11-08T23:59:59.999Z;
Poste;25078;2000;2000;2026-10-05T00:00:00.000Z;2026-11-08T23:59:59.999Z;
Poste;25079;2000;2000;2026-10-05T00:00:00.000Z;2026-11-08T23:59:59.999Z;
Poste;25080;2000;2000;2026-10-05T00:00:00.000Z;2026-11-08T23:59:59.999Z;
Poste;25081;2000;2000;2026-10-05T00:00:00.000Z;2026-11-08T23:59:59.999Z;
Poste;25082;2000;2000;2026-10-05T00:00:00.000Z;2026-11-08T23:59:59.999Z;
Poste;25083;2000;2000;2026-10-05T00:00:00.000Z;2026-11-08T23:59:59.999Z;
Poste;25084;2000;2000;2026-10-05T00:00:00.000Z;2026-11-08T23:59:59.999Z;
Poste;25085;2000;2000;2026-10-05T00:00:00.000Z;2026-11-08T23:59:59.999Z;
Poste;25086;2000;2000;2026-10-05T00:00:00.000Z;2026-11-08T23:59:59.999Z;
Poste;25087;2000;2000;2026-10-05T00:00:00.000Z;2026-11-08T23:59:59.999Z;
Poste;25088;2000;2000;2026-10-05T00:00:00.000Z;2026-11-08T23:59:59.999Z;
Poste;25089;2000;2000;2026-10-05T00:00:00.000Z;2026-11-08T23:59:59.999Z;
Poste;25121;3000;3000;2026-10-05T00:00:00.000Z;2026-11-08T23:59:59.999Z;
Poste;25122;3000;3000;2026-10-05T00:00:00.000Z;2026-11-08T23:59:59.999Z;
Poste;25123;3000;3000;2026-10-05T00:00:00.000Z;2026-11-08T23:59:59.999Z;
Poste;25124;3000;3000;2026-10-05T00:00:00.000Z;2026-11-08T23:59:59.999Z;
Poste;25125;3000;3000;2026-10-05T00:00:00.000Z;2026-11-08T23:59:59.999Z;
Poste;25126;3000;3000;2026-10-05T00:00:00.000Z;2026-11-08T23:59:59.999Z;
Poste;25127;3000;3000;2026-10-05T00:00:00.000Z;2026-11-08T23:59:59.999Z;
Poste;25128;3000;3000;2026-10-05T00:00:00.000Z;2026-11-08T23:59:59.999Z;
Poste;25129;3000;3000;2026-10-05T00:00:00.000Z;2026-11-08T23:59:59.999Z;
Poste;25131;3000;3000;2026-10-05T00:00:00.000Z;2026-11-08T23:59:59.999Z;
Poste;25132;3000;3000;2026-10-05T00:00:00.000Z;2026-11-08T23:59:59.999Z;
Poste;25133;3000;3000;2026-10-05T00:00:00.000Z;2026-11-08T23:59:59.999Z;
Poste;25134;3000;3000;2026-10-05T00:00:00.000Z;2026-11-08T23:59:59.999Z;
Poste;25135;3000;3000;2026-10-05T00:00:00.000Z;2026-11-08T23:59:59.999Z;
Poste;25136;3000;3000;2026-10-05T00:00:00.000Z;2026-11-08T23:59:59.999Z;
Poste;CR;6500;6500;2026-10-05T00:00:00.000Z;2026-11-08T23:59:59.999Z;890,AR,RS
Poste;26010;2000;2000;2026-10-05T00:00:00.000Z;2026-11-08T23:59:59.999Z;
Poste;26011;2000;2000;2026-10-05T00:00:00.000Z;2026-11-08T23:59:59.999Z;
Poste;26012;2000;2000;2026-10-05T00:00:00.000Z;2026-11-08T23:59:59.999Z;
Poste;26013;2000;2000;2026-10-05T00:00:00.000Z;2026-11-08T23:59:59.999Z;
Poste;26014;2000;2000;2026-10-05T00:00:00.000Z;2026-11-08T23:59:59.999Z;
Poste;26015;2000;2000;2026-10-05T00:00:00.000Z;2026-11-08T23:59:59.999Z;
Poste;26016;2000;2000;2026-10-05T00:00:00.000Z;2026-11-08T23:59:59.999Z;
Poste;26017;2000;2000;2026-10-05T00:00:00.000Z;2026-11-08T23:59:59.999Z;
Poste;26018;2000;2000;2026-10-05T00:00:00.000Z;2026-11-08T23:59:59.999Z;
Poste;26019;2000;2000;2026-10-05T00:00:00.000Z;2026-11-08T23:59:59.999Z;
Poste;26020;2000;2000;2026-10-05T00:00:00.000Z;2026-11-08T23:59:59.999Z;
Poste;26021;2000;2000;2026-10-05T00:00:00.000Z;2026-11-08T23:59:59.999Z;
Poste;26022;2000;2000;2026-10-05T00:00:00.000Z;2026-11-08T23:59:59.999Z;
Poste;26023;2000;2000;2026-10-05T00:00:00.000Z;2026-11-08T23:59:59.999Z;
Poste;26024;2000;2000;2026-10-05T00:00:00.000Z;2026-11-08T23:59:59.999Z;
Poste;26025;2000;2000;2026-10-05T00:00:00.000Z;2026-11-08T23:59:59.999Z;
Poste;26026;2000;2000;2026-10-05T00:00:00.000Z;2026-11-08T23:59:59.999Z;
Poste;26027;2000;2000;2026-10-05T00:00:00.000Z;2026-11-08T23:59:59.999Z;
Poste;26028;2000;2000;2026-10-05T00:00:00.000Z;2026-11-08T23:59:59.999Z;
Poste;26029;2000;2000;2026-10-05T00:00:00.000Z;2026-11-08T23:59:59.999Z;
Poste;26030;2000;2000;2026-10-05T00:00:00.000Z;2026-11-08T23:59:59.999Z;
Poste;26031;2000;2000;2026-10-05T00:00:00.000Z;2026-11-08T23:59:59.999Z;
Poste;26032;2000;2000;2026-10-05T00:00:00.000Z;2026-11-08T23:59:59.999Z;
Poste;26033;2000;2000;2026-10-05T00:00:00.000Z;2026-11-08T23:59:59.999Z;
Poste;26034;2000;2000;2026-10-05T00:00:00.000Z;2026-11-08T23:59:59.999Z;
Poste;26035;2000;2000;2026-10-05T00:00:00.000Z;2026-11-08T23:59:59.999Z;
Poste;26036;2000;2000;2026-10-05T00:00:00.000Z;2026-11-08T23:59:59.999Z;
Poste;26037;2000;2000;2026-10-05T00:00:00.000Z;2026-11-08T23:59:59.999Z;
Poste;26038;2000;2000;2026-10-05T00:00:00.000Z;2026-11-08T23:59:59.999Z;
Poste;26039;2000;2000;2026-10-05T00:00:00.000Z;2026-11-08T23:59:59.999Z;
Poste;26040;2000;2000;2026-10-05T00:00:00.000Z;2026-11-08T23:59:59.999Z;
Poste;26041;2000;2000;2026-10-05T00:00:00.000Z;2026-11-08T23:59:59.999Z;
Poste;26042;2000;2000;2026-10-05T00:00:00.000Z;2026-11-08T23:59:59.999Z;
Poste;26043;2000;2000;2026-10-05T00:00:00.000Z;2026-11-08T23:59:59.999Z;
Poste;26044;2000;2000;2026-10-05T00:00:00.000Z;2026-11-08T23:59:59.999Z;
Poste;26045;2000;2000;2026-10-05T00:00:00.000Z;2026-11-08T23:59:59.999Z;
Poste;26046;2000;2000;2026-10-05T00:00:00.000Z;2026-11-08T23:59:59.999Z;
Poste;26047;2000;2000;2026-10-05T00:00:00.000Z;2026-11-08T23:59:59.999Z;
Poste;26048;2000;2000;2026-10-05T00:00:00.000Z;2026-11-08T23:59:59.999Z;
Poste;26049;2000;2000;2026-10-05T00:00:00.000Z;2026-11-08T23:59:59.999Z;
Poste;26100;3000;3000;2026-10-05T00:00:00.000Z;2026-11-08T23:59:59.999Z;
Poste;LO;4000;4000;2026-10-05T00:00:00.000Z;2026-11-08T23:59:59.999Z;890,AR,RS
Poste;26811;2000;2000;2026-10-05T00:00:00.000Z;2026-11-08T23:59:59.999Z;
Poste;26812;2000;2000;2026-10-05T00:00:00.000Z;2026-11-08T23:59:59.999Z;
Poste;26813;2000;2000;2026-10-05T00:00:00.000Z;2026-11-08T23:59:59.999Z;
Poste;26814;2000;2000;2026-10-05T00:00:00.000Z;2026-11-08T23:59:59.999Z;
Poste;26815;2000;2000;2026-10-05T00:00:00.000Z;2026-11-08T23:59:59.999Z;
Poste;26816;2000;2000;2026-10-05T00:00:00.000Z;2026-11-08T23:59:59.999Z;
Poste;26817;2000;2000;2026-10-05T00:00:00.000Z;2026-11-08T23:59:59.999Z;
Poste;26818;2000;2000;2026-10-05T00:00:00.000Z;2026-11-08T23:59:59.999Z;
Poste;26821;2000;2000;2026-10-05T00:00:00.000Z;2026-11-08T23:59:59.999Z;
Poste;26822;2000;2000;2026-10-05T00:00:00.000Z;2026-11-08T23:59:59.999Z;
Poste;26823;2000;2000;2026-10-05T00:00:00.000Z;2026-11-08T23:59:59.999Z;
Poste;26824;2000;2000;2026-10-05T00:00:00.000Z;2026-11-08T23:59:59.999Z;
Poste;26825;2000;2000;2026-10-05T00:00:00.000Z;2026-11-08T23:59:59.999Z;
Poste;26826;2000;2000;2026-10-05T00:00:00.000Z;2026-11-08T23:59:59.999Z;
Poste;26827;2000;2000;2026-10-05T00:00:00.000Z;2026-11-08T23:59:59.999Z;
Poste;26828;2000;2000;2026-10-05T00:00:00.000Z;2026-11-08T23:59:59.999Z;
Poste;26831;2000;2000;2026-10-05T00:00:00.000Z;2026-11-08T23:59:59.999Z;
Poste;26832;2000;2000;2026-10-05T00:00:00.000Z;2026-11-08T23:59:59.999Z;
Poste;26833;2000;2000;2026-10-05T00:00:00.000Z;2026-11-08T23:59:59.999Z;
Poste;26834;2000;2000;2026-10-05T00:00:00.000Z;2026-11-08T23:59:59.999Z;
Poste;26835;2000;2000;2026-10-05T00:00:00.000Z;2026-11-08T23:59:59.999Z;
Poste;26836;2000;2000;2026-10-05T00:00:00.000Z;2026-11-08T23:59:59.999Z;
Poste;26837;2000;2000;2026-10-05T00:00:00.000Z;2026-11-08T23:59:59.999Z;
Poste;26838;2000;2000;2026-10-05T00:00:00.000Z;2026-11-08T23:59:59.999Z;
Poste;26839;2000;2000;2026-10-05T00:00:00.000Z;2026-11-08T23:59:59.999Z;
Poste;26841;2000;2000;2026-10-05T00:00:00.000Z;2026-11-08T23:59:59.999Z;
Poste;26842;2000;2000;2026-10-05T00:00:00.000Z;2026-11-08T23:59:59.999Z;
Poste;26843;2000;2000;2026-10-05T00:00:00.000Z;2026-11-08T23:59:59.999Z;
Poste;26844;2000;2000;2026-10-05T00:00:00.000Z;2026-11-08T23:59:59.999Z;
Poste;26845;2000;2000;2026-10-05T00:00:00.000Z;2026-11-08T23:59:59.999Z;
Poste;26846;2000;2000;2026-10-05T00:00:00.000Z;2026-11-08T23:59:59.999Z;
Poste;26847;2000;2000;2026-10-05T00:00:00.000Z;2026-11-08T23:59:59.999Z;
Poste;26848;2000;2000;2026-10-05T00:00:00.000Z;2026-11-08T23:59:59.999Z;
Poste;26849;2000;2000;2026-10-05T00:00:00.000Z;2026-11-08T23:59:59.999Z;
Poste;26851;2000;2000;2026-10-05T00:00:00.000Z;2026-11-08T23:59:59.999Z;
Poste;26852;2000;2000;2026-10-05T00:00:00.000Z;2026-11-08T23:59:59.999Z;
Poste;26853;2000;2000;2026-10-05T00:00:00.000Z;2026-11-08T23:59:59.999Z;
Poste;26854;2000;2000;2026-10-05T00:00:00.000Z;2026-11-08T23:59:59.999Z;
Poste;26855;2000;2000;2026-10-05T00:00:00.000Z;2026-11-08T23:59:59.999Z;
Poste;26856;2000;2000;2026-10-05T00:00:00.000Z;2026-11-08T23:59:59.999Z;
Poste;26857;2000;2000;2026-10-05T00:00:00.000Z;2026-11-08T23:59:59.999Z;
Poste;26858;2000;2000;2026-10-05T00:00:00.000Z;2026-11-08T23:59:59.999Z;
Poste;26859;2000;2000;2026-10-05T00:00:00.000Z;2026-11-08T23:59:59.999Z;
Poste;26861;2000;2000;2026-10-05T00:00:00.000Z;2026-11-08T23:59:59.999Z;
Poste;26862;2000;2000;2026-10-05T00:00:00.000Z;2026-11-08T23:59:59.999Z;
Poste;26863;2000;2000;2026-10-05T00:00:00.000Z;2026-11-08T23:59:59.999Z;
Poste;26864;2000;2000;2026-10-05T00:00:00.000Z;2026-11-08T23:59:59.999Z;
Poste;26865;2000;2000;2026-10-05T00:00:00.000Z;2026-11-08T23:59:59.999Z;
Poste;26866;2000;2000;2026-10-05T00:00:00.000Z;2026-11-08T23:59:59.999Z;
Poste;26867;2000;2000;2026-10-05T00:00:00.000Z;2026-11-08T23:59:59.999Z;
Poste;26900;3000;3000;2026-10-05T00:00:00.000Z;2026-11-08T23:59:59.999Z;
Poste;PV;10400;10400;2026-10-05T00:00:00.000Z;2026-11-08T23:59:59.999Z;890,AR,RS
Poste;27010;2000;2000;2026-10-05T00:00:00.000Z;2026-11-08T23:59:59.999Z;
Poste;27011;2000;2000;2026-10-05T00:00:00.000Z;2026-11-08T23:59:59.999Z;
Poste;27012;2000;2000;2026-10-05T00:00:00.000Z;2026-11-08T23:59:59.999Z;
Poste;27013;2000;2000;2026-10-05T00:00:00.000Z;2026-11-08T23:59:59.999Z;
Poste;27014;2000;2000;2026-10-05T00:00:00.000Z;2026-11-08T23:59:59.999Z;
Poste;27015;2000;2000;2026-10-05T00:00:00.000Z;2026-11-08T23:59:59.999Z;
Poste;27016;2000;2000;2026-10-05T00:00:00.000Z;2026-11-08T23:59:59.999Z;
Poste;27017;2000;2000;2026-10-05T00:00:00.000Z;2026-11-08T23:59:59.999Z;
Poste;27018;2000;2000;2026-10-05T00:00:00.000Z;2026-11-08T23:59:59.999Z;
Poste;27019;2000;2000;2026-10-05T00:00:00.000Z;2026-11-08T23:59:59.999Z;
Poste;27020;2000;2000;2026-10-05T00:00:00.000Z;2026-11-08T23:59:59.999Z;
Poste;27021;2000;2000;2026-10-05T00:00:00.000Z;2026-11-08T23:59:59.999Z;
Poste;27022;2000;2000;2026-10-05T00:00:00.000Z;2026-11-08T23:59:59.999Z;
Poste;27023;2000;2000;2026-10-05T00:00:00.000Z;2026-11-08T23:59:59.999Z;
Poste;27024;2000;2000;2026-10-05T00:00:00.000Z;2026-11-08T23:59:59.999Z;
Poste;27025;2000;2000;2026-10-05T00:00:00.000Z;2026-11-08T23:59:59.999Z;
Poste;27026;2000;2000;2026-10-05T00:00:00.000Z;2026-11-08T23:59:59.999Z;
Poste;27027;2000;2000;2026-10-05T00:00:00.000Z;2026-11-08T23:59:59.999Z;
Poste;27028;2000;2000;2026-10-05T00:00:00.000Z;2026-11-08T23:59:59.999Z;
Poste;27029;2000;2000;2026-10-05T00:00:00.000Z;2026-11-08T23:59:59.999Z;
Poste;27030;2000;2000;2026-10-05T00:00:00.000Z;2026-11-08T23:59:59.999Z;
Poste;27031;2000;2000;2026-10-05T00:00:00.000Z;2026-11-08T23:59:59.999Z;
Poste;27032;2000;2000;2026-10-05T00:00:00.000Z;2026-11-08T23:59:59.999Z;
Poste;27033;2000;2000;2026-10-05T00:00:00.000Z;2026-11-08T23:59:59.999Z;
Poste;27034;2000;2000;2026-10-05T00:00:00.000Z;2026-11-08T23:59:59.999Z;
Poste;27035;2000;2000;2026-10-05T00:00:00.000Z;2026-11-08T23:59:59.999Z;
Poste;27036;2000;2000;2026-10-05T00:00:00.000Z;2026-11-08T23:59:59.999Z;
Poste;27037;2000;2000;2026-10-05T00:00:00.000Z;2026-11-08T23:59:59.999Z;
Poste;27038;2000;2000;2026-10-05T00:00:00.000Z;2026-11-08T23:59:59.999Z;
Poste;27039;2000;2000;2026-10-05T00:00:00.000Z;2026-11-08T23:59:59.999Z;
Poste;27040;2000;2000;2026-10-05T00:00:00.000Z;2026-11-08T23:59:59.999Z;
Poste;27041;2000;2000;2026-10-05T00:00:00.000Z;2026-11-08T23:59:59.999Z;
Poste;27042;2000;2000;2026-10-05T00:00:00.000Z;2026-11-08T23:59:59.999Z;
Poste;27043;2000;2000;2026-10-05T00:00:00.000Z;2026-11-08T23:59:59.999Z;
Poste;27044;2000;2000;2026-10-05T00:00:00.000Z;2026-11-08T23:59:59.999Z;
Poste;27045;2000;2000;2026-10-05T00:00:00.000Z;2026-11-08T23:59:59.999Z;
Poste;27046;2000;2000;2026-10-05T00:00:00.000Z;2026-11-08T23:59:59.999Z;
Poste;27047;2000;2000;2026-10-05T00:00:00.000Z;2026-11-08T23:59:59.999Z;
Poste;27048;2000;2000;2026-10-05T00:00:00.000Z;2026-11-08T23:59:59.999Z;
Poste;27049;2000;2000;2026-10-05T00:00:00.000Z;2026-11-08T23:59:59.999Z;
Poste;27050;2000;2000;2026-10-05T00:00:00.000Z;2026-11-08T23:59:59.999Z;
Poste;27051;2000;2000;2026-10-05T00:00:00.000Z;2026-11-08T23:59:59.999Z;
Poste;27052;2000;2000;2026-10-05T00:00:00.000Z;2026-11-08T23:59:59.999Z;
Poste;27053;2000;2000;2026-10-05T00:00:00.000Z;2026-11-08T23:59:59.999Z;
Poste;27054;2000;2000;2026-10-05T00:00:00.000Z;2026-11-08T23:59:59.999Z;
Poste;27055;2000;2000;2026-10-05T00:00:00.000Z;2026-11-08T23:59:59.999Z;
Poste;27056;2000;2000;2026-10-05T00:00:00.000Z;2026-11-08T23:59:59.999Z;
Poste;27057;2000;2000;2026-10-05T00:00:00.000Z;2026-11-08T23:59:59.999Z;
Poste;27058;2000;2000;2026-10-05T00:00:00.000Z;2026-11-08T23:59:59.999Z;
Poste;27059;2000;2000;2026-10-05T00:00:00.000Z;2026-11-08T23:59:59.999Z;
Poste;27061;2000;2000;2026-10-05T00:00:00.000Z;2026-11-08T23:59:59.999Z;
Poste;27062;2000;2000;2026-10-05T00:00:00.000Z;2026-11-08T23:59:59.999Z;
Poste;27063;2000;2000;2026-10-05T00:00:00.000Z;2026-11-08T23:59:59.999Z;
Poste;27100;3000;3000;2026-10-05T00:00:00.000Z;2026-11-08T23:59:59.999Z;
Poste;MN;6500;6500;2026-10-05T00:00:00.000Z;2026-11-08T23:59:59.999Z;890,AR,RS
Poste;46010;2000;2000;2026-10-05T00:00:00.000Z;2026-11-08T23:59:59.999Z;
Poste;46011;2000;2000;2026-10-05T00:00:00.000Z;2026-11-08T23:59:59.999Z;
Poste;46012;2000;2000;2026-10-05T00:00:00.000Z;2026-11-08T23:59:59.999Z;
Poste;46013;2000;2000;2026-10-05T00:00:00.000Z;2026-11-08T23:59:59.999Z;
Poste;46014;2000;2000;2026-10-05T00:00:00.000Z;2026-11-08T23:59:59.999Z;
Poste;46017;2000;2000;2026-10-05T00:00:00.000Z;2026-11-08T23:59:59.999Z;
Poste;46018;2000;2000;2026-10-05T00:00:00.000Z;2026-11-08T23:59:59.999Z;
Poste;46019;2000;2000;2026-10-05T00:00:00.000Z;2026-11-08T23:59:59.999Z;
Poste;46020;2000;2000;2026-10-05T00:00:00.000Z;2026-11-08T23:59:59.999Z;
Poste;46021;2000;2000;2026-10-05T00:00:00.000Z;2026-11-08T23:59:59.999Z;
Poste;46023;2000;2000;2026-10-05T00:00:00.000Z;2026-11-08T23:59:59.999Z;
Poste;46024;2000;2000;2026-10-05T00:00:00.000Z;2026-11-08T23:59:59.999Z;
Poste;46025;2000;2000;2026-10-05T00:00:00.000Z;2026-11-08T23:59:59.999Z;
Poste;46026;2000;2000;2026-10-05T00:00:00.000Z;2026-11-08T23:59:59.999Z;
Poste;46027;2000;2000;2026-10-05T00:00:00.000Z;2026-11-08T23:59:59.999Z;
Poste;46028;2000;2000;2026-10-05T00:00:00.000Z;2026-11-08T23:59:59.999Z;
Poste;46029;2000;2000;2026-10-05T00:00:00.000Z;2026-11-08T23:59:59.999Z;
Poste;46030;2000;2000;2026-10-05T00:00:00.000Z;2026-11-08T23:59:59.999Z;
Poste;46031;2000;2000;2026-10-05T00:00:00.000Z;2026-11-08T23:59:59.999Z;
Poste;46032;2000;2000;2026-10-05T00:00:00.000Z;2026-11-08T23:59:59.999Z;
Poste;46033;2000;2000;2026-10-05T00:00:00.000Z;2026-11-08T23:59:59.999Z;
Poste;46034;2000;2000;2026-10-05T00:00:00.000Z;2026-11-08T23:59:59.999Z;
Poste;46035;2000;2000;2026-10-05T00:00:00.000Z;2026-11-08T23:59:59.999Z;
Poste;46036;2000;2000;2026-10-05T00:00:00.000Z;2026-11-08T23:59:59.999Z;
Poste;46037;2000;2000;2026-10-05T00:00:00.000Z;2026-11-08T23:59:59.999Z;
Poste;46039;2000;2000;2026-10-05T00:00:00.000Z;2026-11-08T23:59:59.999Z;
Poste;46040;2000;2000;2026-10-05T00:00:00.000Z;2026-11-08T23:59:59.999Z;
Poste;46041;2000;2000;2026-10-05T00:00:00.000Z;2026-11-08T23:59:59.999Z;
Poste;46042;2000;2000;2026-10-05T00:00:00.000Z;2026-11-08T23:59:59.999Z;
Poste;46043;2000;2000;2026-10-05T00:00:00.000Z;2026-11-08T23:59:59.999Z;
Poste;46044;2000;2000;2026-10-05T00:00:00.000Z;2026-11-08T23:59:59.999Z;
Poste;46045;2000;2000;2026-10-05T00:00:00.000Z;2026-11-08T23:59:59.999Z;
Poste;46046;2000;2000;2026-10-05T00:00:00.000Z;2026-11-08T23:59:59.999Z;
Poste;46047;2000;2000;2026-10-05T00:00:00.000Z;2026-11-08T23:59:59.999Z;
Poste;46048;2000;2000;2026-10-05T00:00:00.000Z;2026-11-08T23:59:59.999Z;
Poste;46049;2000;2000;2026-10-05T00:00:00.000Z;2026-11-08T23:59:59.999Z;
Poste;46051;2000;2000;2026-10-05T00:00:00.000Z;2026-11-08T23:59:59.999Z;
Poste;46100;3000;3000;2026-10-05T00:00:00.000Z;2026-11-08T23:59:59.999Z;
